word,cat
adobo,Dessert
artichoke,Dinner
avocado,Dinner
beans,Dinner
beat,Dessert
beef,Dinner
beer,Dinner
bittersweet,Dessert
broth,Dinner
brown,Dinner
browned,Dinner
butter,Dessert
carrot,Dinner
casserole,Dinner
cheese,Dinner
cheeses,Dinner
chicken,Dinner
chile,Dinner
chili,Dinner
chipotle,Dinner
chocolate,Dessert
cilantro,Dinner
clover,Dinner
cloves,Dessert
cocoa,Dessert
confectioners,Dessert
cookie,Dessert
cookies,Dessert
cracker,Dinner
crackers,Dinner
cream,Dessert
crumble,Dessert
crumbles,Dessert
crumbs,Dinner
crust,Dinner
crystallized,Dinner
dairy,Dessert
dark,Dessert
decorate,Dessert
dough,Dessert
dutch,Dinner
egg,Dessert
electric,Dinner
flour,Dessert
floured,Dessert
flours,Dessert
fluffy,Dessert
focaccia,Dinner
frosting,Dessert
frozen,Dinner
garlic,Dinner
garnish,Dinner
garnishes,Dinner
graham,Dessert
granulated,Dessert
grated,Dinner
gravy,Dinner
grill,Dinner
honey,Dessert
icing,Dessert
juice,Dessert
juices,Dessert
kidney,Dinner
knead,Dessert
lamb,Dinner
marshmallows,Dessert
meat,Dinner
meringue,Dessert
mexican,Dinner
milk,Dessert
monterey,Dinner
mozzarella,Dinner
oil,Dinner
olive,Dinner
onion,Dinner
orange,Dessert
oregano,Dinner
paprika,Dinner
parchment,Dessert
parmigiano,Dinner
parsley,Dinner
peaks,Dessert
peas,Dinner
pepper,Dinner
pie,Dessert
pizza,Dinner
potatoes,Dinner
preserves,Dessert
provolone,Dinner
raspberry,Dessert
refrigerate,Dessert
refrigerator,Dessert
reggiano,Dinner
roll,Dessert
romano,Dinner
sauce,Dinner
scallions,Dinner
shredded,Dinner
sour,Dessert
soy,Dinner
stock,Dinner
sugar,Dessert
sugars,Dessert
sweet,Dessert
toast,Dinner
tomato,Dinner
tomatoes,Dinner
toss,Dinner
turkey,Dinner
vanilla,Dessert
vegetable,Dinner
veggies,Dinner
worcestershire,Dinner
yolk,Dessert
yolks,Dessert
zest,Dessert
